id,session_id,scenario_type,scenario_order,risk_score,warning_level,outcome,started_at,completed_at
9fdd3d8e-1e99-4d62-90e2-802ba47ac030,21ebb897-f50a-4182-97e8-7d5de3c55397,PHISHING,0,0.089,NONE,ABANDONED,2025-03-01T09:00:00,2025-03-01T09:00:40.395251
099a0694-3e73-4996-88c0-cb2a48641648,21ebb897-f50a-4182-97e8-7d5de3c55397,NEW_DEVICE,1,0.958,HIGH,COMPLETED_SAFE,2025-03-01T09:04:00,2025-03-01T09:04:26.567229
ee4f3816-9749-474f-9ad4-d4547c4f3200,21ebb897-f50a-4182-97e8-7d5de3c55397,FILE_SHARE,2,0.999,HIGH,BYPASSED,2025-03-01T09:08:00,2025-03-01T09:08:47.500436
a02d0156-226d-428e-9ab7-5594f750744a,21ebb897-f50a-4182-97e8-7d5de3c55397,WIFI_ACCESS,3,0.788,HIGH,COMPLETED_SAFE,2025-03-01T09:12:00,2025-03-01T09:12:18.465762
fcd98966-e3fc-4185-8cef-30e25b9f38f2,21ebb897-f50a-4182-97e8-7d5de3c55397,UNUSUAL_DOWNLOAD,4,0.47,MEDIUM,ABANDONED,2025-03-01T09:16:00,2025-03-01T09:17:07.454596
e1fdff32-60b8-4d1d-8a57-c5e3aa68c0f0,027beda9-9300-4969-b1a6-aac303484e37,PHISHING,0,0.361,LOW,COMPLETED_SAFE,2025-03-01T10:00:00,2025-03-01T10:00:40.505693
3c35f0c4-e2a8-4a71-ac5b-fa5d172de5e4,027beda9-9300-4969-b1a6-aac303484e37,NEW_DEVICE,1,0.897,HIGH,COMPLETED_SAFE,2025-03-01T10:04:00,2025-03-01T10:04:29.926742
d8b32378-8cc4-47d3-89d5-7a285c8b93de,027beda9-9300-4969-b1a6-aac303484e37,FILE_SHARE,2,0.502,MEDIUM,BYPASSED,2025-03-01T10:08:00,2025-03-01T10:08:46.627241
d4cb3fe7-8639-4ca2-89d4-5bfe4ddccf0f,027beda9-9300-4969-b1a6-aac303484e37,WIFI_ACCESS,3,0.894,HIGH,COMPLETED_SAFE,2025-03-01T10:12:00,2025-03-01T10:12:32.923533
8ead9648-0ccf-4953-a68a-bad592f53720,027beda9-9300-4969-b1a6-aac303484e37,UNUSUAL_DOWNLOAD,4,0.859,HIGH,ABANDONED,2025-03-01T10:16:00,2025-03-01T10:17:03.556810
ed5019b7-1dc9-4a89-8ae3-0e048bc7fd22,1a6e239a-bda2-4356-98f3-bbd7e38de5a0,PHISHING,0,0.994,HIGH,ABANDONED,2025-03-02T11:00:00,2025-03-02T11:01:00.776790
22f50bda-847f-468e-8e3f-93496c45f276,1a6e239a-bda2-4356-98f3-bbd7e38de5a0,NEW_DEVICE,1,0.639,MEDIUM,ABANDONED,2025-03-02T11:04:00,2025-03-02T11:05:02.541569
68fea507-e6ea-4480-9ded-43afec197702,1a6e239a-bda2-4356-98f3-bbd7e38de5a0,FILE_SHARE,2,0.212,LOW,BYPASSED,2025-03-02T11:08:00,2025-03-02T11:09:07.860845
888af673-7aa8-4b0f-a26b-34b53a3e6a1d,1a6e239a-bda2-4356-98f3-bbd7e38de5a0,WIFI_ACCESS,3,0.741,HIGH,BYPASSED,2025-03-02T11:12:00,2025-03-02T11:13:14.756895
43a15a6c-22fd-4e18-a561-6f4a86b06e9a,1a6e239a-bda2-4356-98f3-bbd7e38de5a0,UNUSUAL_DOWNLOAD,4,0.429,MEDIUM,COMPLETED_SAFE,2025-03-02T11:16:00,2025-03-02T11:16:17.891530
1a7bd0aa-c287-4b42-a4af-53714e26ac54,161d990d-6ff4-4561-bdb7-e35dd551c32c,PHISHING,0,0.836,HIGH,BYPASSED,2025-03-02T12:00:00,2025-03-02T12:01:03.539166
30763ca6-345e-4a47-a139-ed50127bb60f,161d990d-6ff4-4561-bdb7-e35dd551c32c,NEW_DEVICE,1,0.42,MEDIUM,BYPASSED,2025-03-02T12:04:00,2025-03-02T12:04:58.339202
3112fd59-4faa-45c7-ac66-068ec630cc62,161d990d-6ff4-4561-bdb7-e35dd551c32c,FILE_SHARE,2,0.025,NONE,COMPLETED_SAFE,2025-03-02T12:08:00,2025-03-02T12:08:54.206345
8ea54ac0-c204-4a09-804f-c5e68707b6a1,161d990d-6ff4-4561-bdb7-e35dd551c32c,WIFI_ACCESS,3,0.003,NONE,UNSAFE_ACTION,2025-03-02T12:12:00,2025-03-02T12:12:56.206184
11f1d5a1-b372-4bcf-b39f-31b3f07677f6,161d990d-6ff4-4561-bdb7-e35dd551c32c,UNUSUAL_DOWNLOAD,4,0.858,HIGH,BYPASSED,2025-03-02T12:16:00,2025-03-02T12:17:00.249201
78353cdf-6e2b-4a46-a3a4-69c1dbb5c4ee,30e921b5-7503-4b00-9b0b-cd5f3314ee16,PHISHING,0,0.091,NONE,UNSAFE_ACTION,2025-03-03T13:00:00,2025-03-03T13:00:46.833392
7c073487-1d76-4c18-8111-ddd3ef474065,30e921b5-7503-4b00-9b0b-cd5f3314ee16,NEW_DEVICE,1,0.116,NONE,COMPLETED_SAFE,2025-03-03T13:04:00,2025-03-03T13:04:51.220392
98bbc1ae-f99d-4cac-b494-da577aafae65,30e921b5-7503-4b00-9b0b-cd5f3314ee16,FILE_SHARE,2,0.494,MEDIUM,ABANDONED,2025-03-03T13:08:00,2025-03-03T13:08:35.569994
03825387-7c0d-4412-8da5-113b22715a0c,30e921b5-7503-4b00-9b0b-cd5f3314ee16,WIFI_ACCESS,3,0.765,HIGH,BYPASSED,2025-03-03T13:12:00,2025-03-03T13:12:34.145250
262a6d9c-646c-4f56-afd5-6d5bb02e15b9,30e921b5-7503-4b00-9b0b-cd5f3314ee16,UNUSUAL_DOWNLOAD,4,0.509,MEDIUM,COMPLETED_SAFE,2025-03-03T13:16:00,2025-03-03T13:17:00.940093
baabc5e9-7f14-4ca0-a6a1-00e4660c8823,3e921ba2-2ec2-4913-9713-17856ed131c4,PHISHING,0,0.916,HIGH,ABANDONED,2025-03-03T14:00:00,2025-03-03T14:00:29.158689
349d2e0f-66f0-438e-9230-f40cbe24e384,3e921ba2-2ec2-4913-9713-17856ed131c4,NEW_DEVICE,1,0.161,NONE,UNSAFE_ACTION,2025-03-03T14:04:00,2025-03-03T14:04:56.860769
8f654ebc-8a41-4d56-9975-1d6dc5b4c997,3e921ba2-2ec2-4913-9713-17856ed131c4,FILE_SHARE,2,0.946,HIGH,BYPASSED,2025-03-03T14:08:00,2025-03-03T14:08:22.456079
48c0091f-7bf7-4e89-88fc-0e81471d63e1,3e921ba2-2ec2-4913-9713-17856ed131c4,WIFI_ACCESS,3,0.793,HIGH,COMPLETED_SAFE,2025-03-03T14:12:00,2025-03-03T14:13:31.324032
c5e24024-9cd3-42c2-9299-c929e98cacb9,3e921ba2-2ec2-4913-9713-17856ed131c4,UNUSUAL_DOWNLOAD,4,0.499,MEDIUM,COMPLETED_SAFE,2025-03-03T14:16:00,2025-03-03T14:17:00.705663
1e782f7d-9045-4825-a2f6-1f3f872f7bb6,acead345-9b99-4eb8-accc-ace463359a79,PHISHING,0,0.734,HIGH,COMPLETED_SAFE,2025-03-04T15:00:00,2025-03-04T15:00:49.376675
bfd37b60-3825-4829-9e51-74a40a05b529,acead345-9b99-4eb8-accc-ace463359a79,NEW_DEVICE,1,0.226,LOW,COMPLETED_SAFE,2025-03-04T15:04:00,2025-03-04T15:04:53.693295
3d8db45b-2b5a-4bee-80d1-a014dab84d25,acead345-9b99-4eb8-accc-ace463359a79,FILE_SHARE,2,0.942,HIGH,COMPLETED_SAFE,2025-03-04T15:08:00,2025-03-04T15:08:58.418443
802a6e41-20e9-4748-992f-3a34caf963e9,acead345-9b99-4eb8-accc-ace463359a79,WIFI_ACCESS,3,0.004,NONE,UNSAFE_ACTION,2025-03-04T15:12:00,2025-03-04T15:12:42.405205
302b59f0-82c0-4301-a37b-722562c47033,acead345-9b99-4eb8-accc-ace463359a79,UNUSUAL_DOWNLOAD,4,0.976,HIGH,COMPLETED_SAFE,2025-03-04T15:16:00,2025-03-04T15:17:02.519083
911ee37a-8736-4a2e-b008-e20502ef6865,ce45e023-eb19-41fb-8a07-521a4426e62b,PHISHING,0,0.945,HIGH,COMPLETED_SAFE,2025-03-04T16:00:00,2025-03-04T16:01:18.544837
0c0fb763-6e31-41b1-8bbc-98ebd4fed034,ce45e023-eb19-41fb-8a07-521a4426e62b,NEW_DEVICE,1,0.619,MEDIUM,BYPASSED,2025-03-04T16:04:00,2025-03-04T16:04:16.208014
d36a4420-21af-4b33-a458-ebdfc4ca0b75,ce45e023-eb19-41fb-8a07-521a4426e62b,FILE_SHARE,2,0.084,NONE,UNSAFE_ACTION,2025-03-04T16:08:00,2025-03-04T16:08:35.953200
3fdc0aae-5d69-46c6-9bf0-58e47d1b26fc,ce45e023-eb19-41fb-8a07-521a4426e62b,WIFI_ACCESS,3,0.49,MEDIUM,COMPLETED_SAFE,2025-03-04T16:12:00,2025-03-04T16:13:26.833389
828d6101-c82c-478c-b8f8-5637637bd56e,ce45e023-eb19-41fb-8a07-521a4426e62b,UNUSUAL_DOWNLOAD,4,0.969,HIGH,COMPLETED_SAFE,2025-03-04T16:16:00,2025-03-04T16:16:54.109297
1a4c5b81-8360-425d-af49-b40cf4f796f4,ac74118b-411b-4be3-8df1-febb3b4ad173,PHISHING,0,0.527,MEDIUM,BYPASSED,2025-03-05T17:00:00,2025-03-05T17:01:04.432268
f061458d-33a9-4cba-904e-46a6b3ce15ee,ac74118b-411b-4be3-8df1-febb3b4ad173,NEW_DEVICE,1,0.018,NONE,UNSAFE_ACTION,2025-03-05T17:04:00,2025-03-05T17:04:36.672881
6f38dbce-665f-4fd4-a8a8-e2599947a8ff,ac74118b-411b-4be3-8df1-febb3b4ad173,FILE_SHARE,2,0.663,MEDIUM,BYPASSED,2025-03-05T17:08:00,2025-03-05T17:08:43.096904
2b99597a-d6b9-40c5-a658-c01ae0e48688,ac74118b-411b-4be3-8df1-febb3b4ad173,WIFI_ACCESS,3,0.793,HIGH,COMPLETED_SAFE,2025-03-05T17:12:00,2025-03-05T17:12:37.977409
579974fe-7f36-4400-8925-efdf0df68e51,ac74118b-411b-4be3-8df1-febb3b4ad173,UNUSUAL_DOWNLOAD,4,0.523,MEDIUM,COMPLETED_SAFE,2025-03-05T17:16:00,2025-03-05T17:16:47.623999
157b48a2-6093-42e7-8fa1-94505425d9bc,236433f5-4b58-42ca-a045-7ff732826e23,PHISHING,0,0.739,HIGH,COMPLETED_SAFE,2025-03-05T18:00:00,2025-03-05T18:00:58.832647
a68b67af-7454-468c-9d42-2b5b30b4e0b5,236433f5-4b58-42ca-a045-7ff732826e23,NEW_DEVICE,1,0.469,MEDIUM,COMPLETED_SAFE,2025-03-05T18:04:00,2025-03-05T18:04:48.488815
6840bf53-1461-49ec-83b1-30a4ff6b0fb4,236433f5-4b58-42ca-a045-7ff732826e23,FILE_SHARE,2,0.995,HIGH,BYPASSED,2025-03-05T18:08:00,2025-03-05T18:09:01.611514
3da7ba36-4466-47d9-93d5-14b1942352f5,236433f5-4b58-42ca-a045-7ff732826e23,WIFI_ACCESS,3,0.048,NONE,UNSAFE_ACTION,2025-03-05T18:12:00,2025-03-05T18:13:11.096432
9ecf1328-4c20-47f7-8f8c-1dbb1cdcb9ad,236433f5-4b58-42ca-a045-7ff732826e23,UNUSUAL_DOWNLOAD,4,0.786,HIGH,BYPASSED,2025-03-05T18:16:00,2025-03-05T18:17:15.917104
93c13c7a-708d-4453-9660-f6aa40052ee0,89034812-6122-49ee-a74b-80c69ebadf61,PHISHING,0,0.812,HIGH,COMPLETED_SAFE,2025-03-06T19:00:00,2025-03-06T19:01:26.212517
afcad967-eda1-4f7d-b439-6dfe18d2c070,89034812-6122-49ee-a74b-80c69ebadf61,NEW_DEVICE,1,0.835,HIGH,COMPLETED_SAFE,2025-03-06T19:04:00,2025-03-06T19:04:30.635919
84560abc-32a9-442a-9ffe-016ae7d42d3a,89034812-6122-49ee-a74b-80c69ebadf61,FILE_SHARE,2,0.257,LOW,COMPLETED_SAFE,2025-03-06T19:08:00,2025-03-06T19:08:26.982706
6ade127d-5c06-4404-b279-ce32a801e282,89034812-6122-49ee-a74b-80c69ebadf61,WIFI_ACCESS,3,0.082,NONE,UNSAFE_ACTION,2025-03-06T19:12:00,2025-03-06T19:12:57.233356
af5898bb-9acd-4795-95b2-826cb5a4ff96,89034812-6122-49ee-a74b-80c69ebadf61,UNUSUAL_DOWNLOAD,4,0.425,MEDIUM,ABANDONED,2025-03-06T19:16:00,2025-03-06T19:17:15.037436
97e72fce-0506-4489-9bcc-1709b16fa16d,887aef64-c143-4b13-b465-d7243f5bace6,PHISHING,0,0.624,MEDIUM,BYPASSED,2025-03-06T20:00:00,2025-03-06T20:01:19.212246
3b339947-11af-4ee0-babc-c90426bc4ce1,887aef64-c143-4b13-b465-d7243f5bace6,NEW_DEVICE,1,0.602,MEDIUM,BYPASSED,2025-03-06T20:04:00,2025-03-06T20:04:57.449173
64b99942-e1d1-43b7-800a-17d1612d42d1,887aef64-c143-4b13-b465-d7243f5bace6,FILE_SHARE,2,0.855,HIGH,ABANDONED,2025-03-06T20:08:00,2025-03-06T20:08:58.263268
4c2a4277-27d8-4a29-92f8-3d133834d0c7,887aef64-c143-4b13-b465-d7243f5bace6,WIFI_ACCESS,3,0.8,HIGH,COMPLETED_SAFE,2025-03-06T20:12:00,2025-03-06T20:12:29.482857
99f2d164-1819-4ca7-8271-7f5cc30cba00,887aef64-c143-4b13-b465-d7243f5bace6,UNUSUAL_DOWNLOAD,4,0.632,MEDIUM,BYPASSED,2025-03-06T20:16:00,2025-03-06T20:16:55.503733
4f2b50b5-4885-4a88-a7ca-42ca30d1c8a8,6b1cd084-d8a1-4b7c-98e4-5d6a16585c37,PHISHING,0,0.165,NONE,UNSAFE_ACTION,2025-03-07T09:00:00,2025-03-07T09:01:09.420846
a9a053f7-0d1b-46ff-884e-50eaf7cce384,6b1cd084-d8a1-4b7c-98e4-5d6a16585c37,NEW_DEVICE,1,0.121,NONE,UNSAFE_ACTION,2025-03-07T09:04:00,2025-03-07T09:04:49.523300
eddb8d87-c096-4031-8e16-485bdc040451,6b1cd084-d8a1-4b7c-98e4-5d6a16585c37,FILE_SHARE,2,0.743,HIGH,BYPASSED,2025-03-07T09:08:00,2025-03-07T09:08:55.936461
e295355c-6b1d-473b-a3e1-866a1ff77531,6b1cd084-d8a1-4b7c-98e4-5d6a16585c37,WIFI_ACCESS,3,0.675,MEDIUM,COMPLETED_SAFE,2025-03-07T09:12:00,2025-03-07T09:13:10.640813
dde05e1c-c971-41ec-9d5c-665a2f7332e9,6b1cd084-d8a1-4b7c-98e4-5d6a16585c37,UNUSUAL_DOWNLOAD,4,0.85,HIGH,COMPLETED_SAFE,2025-03-07T09:16:00,2025-03-07T09:16:42.015753
05e04775-d4d0-4d34-921e-2e5beaef8cd0,dae74111-1e9c-4b75-8b70-7f7d06056baa,PHISHING,0,0.796,HIGH,COMPLETED_SAFE,2025-03-07T10:00:00,2025-03-07T10:01:09.277713
93d78cd6-ac03-4435-b131-b106183513de,dae74111-1e9c-4b75-8b70-7f7d06056baa,NEW_DEVICE,1,0.853,HIGH,COMPLETED_SAFE,2025-03-07T10:04:00,2025-03-07T10:04:57.983977
7211d2a3-bac5-42a1-a137-a05df565dc45,dae74111-1e9c-4b75-8b70-7f7d06056baa,FILE_SHARE,2,0.059,NONE,ABANDONED,2025-03-07T10:08:00,2025-03-07T10:08:33.484379
e86ad7da-421e-4781-ada0-cc787190de9f,dae74111-1e9c-4b75-8b70-7f7d06056baa,WIFI_ACCESS,3,0.947,HIGH,COMPLETED_SAFE,2025-03-07T10:12:00,2025-03-07T10:13:20.424164
917fd39c-8f95-4215-bbf5-efd02245195d,dae74111-1e9c-4b75-8b70-7f7d06056baa,UNUSUAL_DOWNLOAD,4,0.83,HIGH,ABANDONED,2025-03-07T10:16:00,2025-03-07T10:16:29.740881
7c1b6d2c-ac2f-4bc6-8588-c2cf2135e85e,3f0bbfc8-ea49-4c5f-8c87-3f3fa1c6b9e6,PHISHING,0,0.436,MEDIUM,COMPLETED_SAFE,2025-03-08T11:00:00,2025-03-08T11:00:34.196764
637a942a-8739-424b-ac5d-e8024ea44fd2,3f0bbfc8-ea49-4c5f-8c87-3f3fa1c6b9e6,NEW_DEVICE,1,0.639,MEDIUM,COMPLETED_SAFE,2025-03-08T11:04:00,2025-03-08T11:04:30.878106
fe5142da-4a6d-48f6-906e-813c48bbb071,3f0bbfc8-ea49-4c5f-8c87-3f3fa1c6b9e6,FILE_SHARE,2,0.582,MEDIUM,COMPLETED_SAFE,2025-03-08T11:08:00,2025-03-08T11:09:14.912084
a4291a4e-dc4f-4cc1-9691-90ce75f8d99d,3f0bbfc8-ea49-4c5f-8c87-3f3fa1c6b9e6,WIFI_ACCESS,3,0.315,LOW,COMPLETED_SAFE,2025-03-08T11:12:00,2025-03-08T11:13:02.121387
c61ca1cd-632f-47d1-b76d-8731b3a57a58,3f0bbfc8-ea49-4c5f-8c87-3f3fa1c6b9e6,UNUSUAL_DOWNLOAD,4,0.289,LOW,COMPLETED_SAFE,2025-03-08T11:16:00,2025-03-08T11:16:55.106213
2b99aa3b-49c5-4ee7-8e45-2c0f17545658,46abd960-f838-48db-901d-7f989538c01d,PHISHING,0,0.204,LOW,ABANDONED,2025-03-08T12:00:00,2025-03-08T12:00:53.045510
6accdf51-b966-4fdf-837f-5f4296844c27,46abd960-f838-48db-901d-7f989538c01d,NEW_DEVICE,1,0.896,HIGH,BYPASSED,2025-03-08T12:04:00,2025-03-08T12:04:21.034154
9177785d-61b5-4265-bc1a-d0ace862d592,46abd960-f838-48db-901d-7f989538c01d,FILE_SHARE,2,0.456,MEDIUM,BYPASSED,2025-03-08T12:08:00,2025-03-08T12:08:37.882717
d0ffb181-29e9-4075-954b-907413eed12b,46abd960-f838-48db-901d-7f989538c01d,WIFI_ACCESS,3,0.185,NONE,UNSAFE_ACTION,2025-03-08T12:12:00,2025-03-08T12:12:59.560159
876bfa2a-61f4-4782-a481-a9e3dbdf35ea,46abd960-f838-48db-901d-7f989538c01d,UNUSUAL_DOWNLOAD,4,0.097,NONE,UNSAFE_ACTION,2025-03-08T12:16:00,2025-03-08T12:16:43.701856
9e5766d2-143d-4edc-847c-21e652d01038,c8f4e76f-7cfc-486c-af8f-c06870364e14,PHISHING,0,0.447,MEDIUM,ABANDONED,2025-03-09T13:00:00,2025-03-09T13:00:53.982092
34dfad12-ad53-4043-b80a-0d6721c6d805,c8f4e76f-7cfc-486c-af8f-c06870364e14,NEW_DEVICE,1,0.328,LOW,ABANDONED,2025-03-09T13:04:00,2025-03-09T13:04:40.311378
ee014280-e8e0-42e7-b9d4-e0b8f8d0aef6,c8f4e76f-7cfc-486c-af8f-c06870364e14,FILE_SHARE,2,0.935,HIGH,BYPASSED,2025-03-09T13:08:00,2025-03-09T13:08:29.579035
105cbf72-2aaf-4794-8ea0-50b9dee1aabf,c8f4e76f-7cfc-486c-af8f-c06870364e14,WIFI_ACCESS,3,0.409,MEDIUM,ABANDONED,2025-03-09T13:12:00,2025-03-09T13:12:31.405037
896105ce-39e5-4228-868c-6b6bb4c205d5,c8f4e76f-7cfc-486c-af8f-c06870364e14,UNUSUAL_DOWNLOAD,4,0.976,HIGH,BYPASSED,2025-03-09T13:16:00,2025-03-09T13:16:54.426327
2dc09cb6-c4ae-4717-b9e4-6f704081b591,717b07fb-b356-4837-8462-b7ccd72b5e64,PHISHING,0,0.601,MEDIUM,BYPASSED,2025-03-09T14:00:00,2025-03-09T14:00:26.516014
614e02db-30a4-4a60-9b69-55b1c44c3cab,717b07fb-b356-4837-8462-b7ccd72b5e64,NEW_DEVICE,1,0.239,LOW,BYPASSED,2025-03-09T14:04:00,2025-03-09T14:04:48.183111
f0602c33-ee50-40f3-8beb-21874899ccfc,717b07fb-b356-4837-8462-b7ccd72b5e64,FILE_SHARE,2,0.946,HIGH,ABANDONED,2025-03-09T14:08:00,2025-03-09T14:09:13.745941
5001fafa-92b2-4322-9523-96f96533ae1c,717b07fb-b356-4837-8462-b7ccd72b5e64,WIFI_ACCESS,3,0.291,LOW,COMPLETED_SAFE,2025-03-09T14:12:00,2025-03-09T14:12:14.368855
dfa114e0-f981-4c9d-85fb-c8b51e8732fd,717b07fb-b356-4837-8462-b7ccd72b5e64,UNUSUAL_DOWNLOAD,4,0.415,MEDIUM,COMPLETED_SAFE,2025-03-09T14:16:00,2025-03-09T14:17:21.767071
74221506-d4e4-42fa-8876-633577bfc1b1,95b65272-7617-43a8-8cc6-910de3fc0e61,PHISHING,0,0.663,MEDIUM,COMPLETED_SAFE,2025-03-10T15:00:00,2025-03-10T15:00:35.093610
5e4eeba4-3231-48a6-9508-f712c41a5276,95b65272-7617-43a8-8cc6-910de3fc0e61,NEW_DEVICE,1,0.819,HIGH,BYPASSED,2025-03-10T15:04:00,2025-03-10T15:04:47.453910
3eb6359c-cbf3-46a6-8a82-06284c32fb4a,95b65272-7617-43a8-8cc6-910de3fc0e61,FILE_SHARE,2,0.187,NONE,UNSAFE_ACTION,2025-03-10T15:08:00,2025-03-10T15:09:17.482843
c74b376b-7b9a-4224-92cc-37a3e5109b5a,95b65272-7617-43a8-8cc6-910de3fc0e61,WIFI_ACCESS,3,0.84,HIGH,COMPLETED_SAFE,2025-03-10T15:12:00,2025-03-10T15:12:56.625867
48d9f1cf-c111-45ab-a759-9f81c5b1969e,95b65272-7617-43a8-8cc6-910de3fc0e61,UNUSUAL_DOWNLOAD,4,0.62,MEDIUM,COMPLETED_SAFE,2025-03-10T15:16:00,2025-03-10T15:17:18.742556
40f75825-e2b5-4fcd-a079-ea860293e8e3,5276b59c-dd71-491d-a936-9bc2d040743d,PHISHING,0,0.703,HIGH,BYPASSED,2025-03-10T16:00:00,2025-03-10T16:00:50.653232
84b75ff7-857c-4d93-8efa-ef5d6ad866f6,5276b59c-dd71-491d-a936-9bc2d040743d,NEW_DEVICE,1,0.911,HIGH,COMPLETED_SAFE,2025-03-10T16:04:00,2025-03-10T16:05:24.655517
a966b0e0-f8e2-4ae0-9b06-98238f310aea,5276b59c-dd71-491d-a936-9bc2d040743d,FILE_SHARE,2,0.559,MEDIUM,COMPLETED_SAFE,2025-03-10T16:08:00,2025-03-10T16:09:19.515418
be95a4b8-46b6-497c-b35f-0e25cb2af13d,5276b59c-dd71-491d-a936-9bc2d040743d,WIFI_ACCESS,3,0.604,MEDIUM,COMPLETED_SAFE,2025-03-10T16:12:00,2025-03-10T16:12:49.088197
178b07d7-3fc8-490e-afb6-047a6a4343f0,5276b59c-dd71-491d-a936-9bc2d040743d,UNUSUAL_DOWNLOAD,4,0.311,LOW,COMPLETED_SAFE,2025-03-10T16:16:00,2025-03-10T16:17:14.243207
